health,http://localhost:5000/ping,True,2021-07-05 21:18:11.600604,34738
google,https://www.google.com,True,2021-07-05 21:18:11.892550,283980
health,http://localhost:5000/ping,True,2021-07-05 21:19:26.586831,15585
google,https://www.google.com,True,2021-07-05 21:19:26.776826,180859
health,http://localhost:5000/ping,True,2021-07-05 21:31:07.414710,59919
google,https://www.google.com,True,2021-07-05 21:31:07.684923,257963
health,http://localhost:5000/ping,True,2021-07-05 21:36:23.855368,71355
google,https://www.google.com,True,2021-07-05 21:36:24.120093,235445
health,http://localhost:5000/ping,True,2021-07-05 21:40:55.494837,19132
google,https://www.google.com,True,2021-07-05 21:40:55.713136,200017
health,http://localhost:5000/ping,True,2021-07-05 21:45:55.835856,32507
google,https://www.google.com,True,2021-07-05 21:45:56.088853,233086
health,http://localhost:5000/ping,True,2021-07-05 21:50:56.174798,20727
google,https://www.google.com,True,2021-07-05 21:50:56.426618,242391
health,http://localhost:5000/ping,True,2021-07-05 21:55:55.788367,33511
google,https://www.google.com,True,2021-07-05 21:55:56.007079,204778
health,http://localhost:5000/ping,True,2021-07-05 22:00:55.698886,13445
google,https://www.google.com,True,2021-07-05 22:00:55.947830,220797
health,http://localhost:5000/ping,True,2021-07-05 22:05:55.959019,30298
google,https://www.google.com,True,2021-07-05 22:05:56.213452,239614
health,http://localhost:5000/ping,True,2021-07-05 22:10:55.801843,24752
google,https://www.google.com,True,2021-07-05 22:10:56.025834,204168
health,http://localhost:5000/ping,True,2021-07-05 22:15:55.318377,24443
google,https://www.google.com,True,2021-07-05 22:15:55.570416,233325
health,http://localhost:5000/ping,True,2021-07-05 22:20:55.302110,14490
google,https://www.google.com,True,2021-07-05 22:20:55.503872,180303
health,http://localhost:5000/ping,True,2021-07-05 22:25:56.431614,22039
google,https://www.google.com,True,2021-07-05 22:25:56.707810,251301
health,http://localhost:5000/ping,True,2021-07-05 22:30:55.365207,12007
google,https://www.google.com,True,2021-07-05 22:30:55.617374,225704
health,http://localhost:5000/ping,True,2021-07-05 22:35:55.193450,9132
google,https://www.google.com,True,2021-07-05 22:35:55.347467,148208
health,http://localhost:5000/ping,True,2021-07-05 22:40:55.301435,17310
google,https://www.google.com,True,2021-07-05 22:40:55.469156,159453
health,http://localhost:5000/ping,True,2021-07-05 22:45:56.589837,26776
google,https://www.google.com,True,2021-07-05 22:45:56.738837,140303
health,http://localhost:5000/ping,True,2021-07-05 22:50:55.262620,34331
google,https://www.google.com,True,2021-07-05 22:50:55.435745,153468
health,http://localhost:5000/ping,True,2021-07-05 22:55:55.231945,22802
google,https://www.google.com,True,2021-07-05 22:55:55.402861,153552
health,http://localhost:5000/ping,True,2021-07-05 23:00:55.107548,10908
google,https://www.google.com,True,2021-07-05 23:00:55.277039,160667
health,http://localhost:5000/ping,True,2021-07-05 23:05:55.204812,12472
google,https://www.google.com,True,2021-07-05 23:05:55.382816,161296
health,http://localhost:5000/ping,True,2021-07-05 23:10:56.352818,17746
google,https://www.google.com,True,2021-07-05 23:10:56.541820,168213
health,http://localhost:5000/ping,True,2021-07-05 23:15:55.483936,9026
google,https://www.google.com,True,2021-07-05 23:15:55.662854,164296
health,http://localhost:5000/ping,True,2021-07-05 23:20:55.397921,25513
google,https://www.google.com,True,2021-07-05 23:20:55.563175,148577
health,http://localhost:5000/ping,True,2021-07-05 23:25:55.341351,13015
google,https://www.google.com,True,2021-07-05 23:25:55.524290,170038
health,http://localhost:5000/ping,True,2021-07-05 23:30:55.292600,18489
google,https://www.google.com,True,2021-07-05 23:30:55.493606,185681
health,http://localhost:5000/ping,True,2021-07-05 23:35:55.325941,9349
google,https://www.google.com,True,2021-07-05 23:35:55.506972,164473
health,http://localhost:5000/ping,True,2021-07-05 23:40:55.222045,11208
google,https://www.google.com,True,2021-07-05 23:40:55.398913,161812
health,http://localhost:5000/ping,True,2021-07-05 23:45:55.249936,16653
google,https://www.google.com,True,2021-07-05 23:45:55.443148,180220
health,http://localhost:5000/ping,True,2021-07-05 23:50:55.293009,27736
google,https://www.google.com,True,2021-07-05 23:50:55.459844,150831
health,http://localhost:5000/ping,True,2021-07-05 23:55:55.487564,22802
google,https://www.google.com,True,2021-07-05 23:55:55.671004,176040
health,http://localhost:5000/ping,True,2021-07-06 00:00:55.454221,29951
google,https://www.google.com,True,2021-07-06 00:00:55.632233,150146
health,http://localhost:5000/ping,True,2021-07-06 00:05:55.329662,27628
google,https://www.google.com,True,2021-07-06 00:05:55.501172,157949
health,http://localhost:5000/ping,True,2021-07-06 00:10:55.452773,13324
google,https://www.google.com,True,2021-07-06 00:10:55.630041,168661
health,http://localhost:5000/ping,True,2021-07-06 00:15:55.292990,7929
google,https://www.google.com,True,2021-07-06 00:15:55.490703,173355
health,http://localhost:5000/ping,True,2021-07-06 00:20:55.454019,19163
google,https://www.google.com,True,2021-07-06 00:20:55.632056,157575
health,http://localhost:5000/ping,True,2021-07-06 00:25:55.539845,30999
google,https://www.google.com,True,2021-07-06 00:25:55.728072,162007
health,http://localhost:5000/ping,True,2021-07-06 00:30:55.468355,39667
google,https://www.google.com,True,2021-07-06 00:30:55.661407,172374
health,http://localhost:5000/ping,True,2021-07-06 00:35:55.466636,13474
google,https://www.google.com,True,2021-07-06 00:35:55.652443,164941
health,http://localhost:5000/ping,True,2021-07-06 00:40:55.306541,30784
google,https://www.google.com,True,2021-07-06 00:40:55.516534,190622
health,http://localhost:5000/ping,True,2021-07-06 00:45:55.511766,33699
google,https://www.google.com,True,2021-07-06 00:45:55.709755,181973
health,http://localhost:5000/ping,True,2021-07-06 00:50:55.380498,12371
google,https://www.google.com,True,2021-07-06 00:50:55.575072,182772
health,http://localhost:5000/ping,True,2021-07-06 00:55:55.498689,40503
google,https://www.google.com,True,2021-07-06 00:55:55.696685,166199
health,http://localhost:5000/ping,True,2021-07-06 01:00:55.594829,19522
google,https://www.google.com,True,2021-07-06 01:00:55.836814,211915
health,http://localhost:5000/ping,True,2021-07-06 01:05:55.358274,23038
google,https://www.google.com,True,2021-07-06 01:05:55.575240,187246
health,http://localhost:5000/ping,True,2021-07-06 01:10:55.500857,22271
google,https://www.google.com,True,2021-07-06 01:10:55.676762,161189
health,http://localhost:5000/ping,True,2021-07-06 01:15:55.568678,23958
google,https://www.google.com,True,2021-07-06 01:15:56.794297,213581
health,http://localhost:5000/ping,True,2021-07-06 01:20:55.526080,31515
google,https://www.google.com,True,2021-07-06 01:20:55.738650,186934
health,http://localhost:5000/ping,True,2021-07-06 01:25:55.636080,34035
google,https://www.google.com,True,2021-07-06 01:25:55.845273,187848
health,http://localhost:5000/ping,True,2021-07-06 01:30:55.533903,21988
google,https://www.google.com,True,2021-07-06 01:30:55.768602,209516
health,http://localhost:5000/ping,True,2021-07-06 01:35:55.665692,16856
google,https://www.google.com,True,2021-07-06 01:35:55.892844,202201
health,http://localhost:5000/ping,True,2021-07-06 01:40:55.652188,62366
google,https://www.google.com,True,2021-07-06 01:40:55.846127,180203
health,http://localhost:5000/ping,True,2021-07-06 01:45:55.450665,23391
google,https://www.google.com,True,2021-07-06 01:45:55.648659,175288
health,http://localhost:5000/ping,True,2021-07-06 01:50:55.434539,16404
google,https://www.google.com,True,2021-07-06 01:50:55.695333,230494
health,http://localhost:5000/ping,True,2021-07-06 01:55:55.417577,11662
google,https://www.google.com,True,2021-07-06 01:55:55.584929,151364
health,http://localhost:5000/ping,True,2021-07-06 02:00:57.511269,49083
google,https://www.google.com,True,2021-07-06 02:00:57.899235,318413
health,http://localhost:5000/ping,True,2021-07-06 02:05:56.507851,24953
google,https://www.google.com,True,2021-07-06 02:05:56.792430,255859
health,http://localhost:5000/ping,True,2021-07-06 02:10:55.632259,59138
google,https://www.google.com,True,2021-07-06 02:10:55.820385,165940
health,http://localhost:5000/ping,True,2021-07-06 02:15:55.448271,35572
google,https://www.google.com,True,2021-07-06 02:15:55.631257,165829
health,http://localhost:5000/ping,True,2021-07-06 02:20:55.665590,24522
google,https://www.google.com,True,2021-07-06 02:20:55.878049,174923
health,http://localhost:5000/ping,True,2021-07-06 02:25:55.931216,29129
google,https://www.google.com,True,2021-07-06 02:25:56.149351,189022
health,http://localhost:5000/ping,True,2021-07-06 02:30:55.575619,16765
google,https://www.google.com,True,2021-07-06 02:30:55.770912,157064
health,http://localhost:5000/ping,True,2021-07-06 02:35:55.620913,29997
google,https://www.google.com,True,2021-07-06 02:35:55.847127,201499
health,http://localhost:5000/ping,True,2021-07-06 02:40:55.337336,38821
google,https://www.google.com,True,2021-07-06 02:40:55.522092,157732
health,http://localhost:5000/ping,True,2021-07-06 02:45:55.496802,23185
google,https://www.google.com,True,2021-07-06 02:45:55.654310,151090
health,http://localhost:5000/ping,True,2021-07-06 02:50:55.576378,41613
google,https://www.google.com,True,2021-07-06 02:50:55.816371,233448
health,http://localhost:5000/ping,True,2021-07-06 02:55:55.497021,30587
google,https://www.google.com,True,2021-07-06 02:55:55.730125,211112
health,http://localhost:5000/ping,True,2021-07-06 03:00:55.455066,12710
google,https://www.google.com,True,2021-07-06 03:00:55.652465,186998
health,http://localhost:5000/ping,True,2021-07-06 03:05:55.639930,24893
google,https://www.google.com,True,2021-07-06 03:05:55.841249,176531
health,http://localhost:5000/ping,True,2021-07-06 03:10:55.597724,25617
google,https://www.google.com,True,2021-07-06 03:10:55.831718,223081
health,http://localhost:5000/ping,True,2021-07-06 03:15:55.557438,37298
google,https://www.google.com,True,2021-07-06 03:15:55.731434,149337
health,http://localhost:5000/ping,True,2021-07-06 03:20:55.468558,31042
google,https://www.google.com,True,2021-07-06 03:20:55.664302,164611
health,http://localhost:5000/ping,True,2021-07-06 03:25:55.557783,35645
google,https://www.google.com,True,2021-07-06 03:25:55.744788,161855
health,http://localhost:5000/ping,True,2021-07-06 03:30:55.467892,38011
google,https://www.google.com,True,2021-07-06 03:30:55.657234,173461
health,http://localhost:5000/ping,True,2021-07-06 03:35:55.316848,21407
google,https://www.google.com,True,2021-07-06 03:35:55.497759,173505
health,http://localhost:5000/ping,True,2021-07-06 03:40:55.491722,31774
google,https://www.google.com,True,2021-07-06 03:40:55.686634,177627
health,http://localhost:5000/ping,True,2021-07-06 03:45:55.360211,19541
google,https://www.google.com,True,2021-07-06 03:45:55.560088,185187
health,http://localhost:5000/ping,True,2021-07-06 03:50:55.468750,10489
google,https://www.google.com,True,2021-07-06 03:50:55.675757,193169
health,http://localhost:5000/ping,True,2021-07-06 03:55:55.536356,27854
google,https://www.google.com,True,2021-07-06 03:55:55.743948,170464
health,http://localhost:5000/ping,True,2021-07-06 04:00:55.530739,19655
google,https://www.google.com,True,2021-07-06 04:00:55.735734,192919
health,http://localhost:5000/ping,True,2021-07-06 04:05:55.436132,35933
google,https://www.google.com,True,2021-07-06 04:05:55.642172,176686
health,http://localhost:5000/ping,True,2021-07-06 04:10:55.481490,22904
google,https://www.google.com,True,2021-07-06 04:10:55.673491,181443
health,http://localhost:5000/ping,True,2021-07-06 04:15:55.517330,16153
google,https://www.google.com,True,2021-07-06 04:15:55.714330,169910
health,http://localhost:5000/ping,True,2021-07-06 04:20:55.271392,14189
google,https://www.google.com,True,2021-07-06 04:20:55.432447,159563
health,http://localhost:5000/ping,True,2021-07-06 04:25:55.403483,26955
google,https://www.google.com,True,2021-07-06 04:25:55.595138,168520
health,http://localhost:5000/ping,True,2021-07-06 04:30:55.396938,23612
google,https://www.google.com,True,2021-07-06 04:30:55.567929,155164
health,http://localhost:5000/ping,True,2021-07-06 04:35:55.577731,18986
google,https://www.google.com,True,2021-07-06 04:35:55.770853,172261
health,http://localhost:5000/ping,True,2021-07-06 04:40:55.530424,26722
google,https://www.google.com,True,2021-07-06 04:40:55.746570,189775
health,http://localhost:5000/ping,True,2021-07-06 04:45:55.364167,25696
google,https://www.google.com,True,2021-07-06 04:45:55.553161,171568
health,http://localhost:5000/ping,True,2021-07-06 04:50:55.433026,29484
google,https://www.google.com,True,2021-07-06 04:50:55.612872,171731
health,http://localhost:5000/ping,True,2021-07-06 04:55:55.370493,33911
google,https://www.google.com,True,2021-07-06 04:55:55.567494,170132
health,http://localhost:5000/ping,True,2021-07-06 05:00:55.453486,16541
google,https://www.google.com,True,2021-07-06 05:00:55.626482,167767
health,http://localhost:5000/ping,True,2021-07-06 05:05:55.480623,40377
google,https://www.google.com,True,2021-07-06 05:05:55.657618,158462
health,http://localhost:5000/ping,True,2021-07-06 05:10:55.413693,11543
google,https://www.google.com,True,2021-07-06 05:10:55.610741,176047
health,http://localhost:5000/ping,True,2021-07-06 05:15:55.413354,36277
google,https://www.google.com,True,2021-07-06 05:15:55.596236,164529
health,http://localhost:5000/ping,True,2021-07-06 05:20:55.359052,17021
google,https://www.google.com,True,2021-07-06 05:20:55.567105,194653
health,http://localhost:5000/ping,True,2021-07-06 05:25:55.241544,20699
google,https://www.google.com,True,2021-07-06 05:25:55.469529,209622
health,http://localhost:5000/ping,True,2021-07-06 05:30:55.492441,28752
google,https://www.google.com,True,2021-07-06 05:30:55.676434,159717
health,http://localhost:5000/ping,True,2021-07-06 05:35:55.374531,15757
google,https://www.google.com,True,2021-07-06 05:35:55.569707,175580
health,http://localhost:5000/ping,True,2021-07-06 05:40:55.410324,24403
google,https://www.google.com,True,2021-07-06 05:40:55.572327,155799
health,http://localhost:5000/ping,True,2021-07-06 05:45:55.361617,14760
google,https://www.google.com,True,2021-07-06 05:45:55.523907,140360
health,http://localhost:5000/ping,True,2021-07-06 05:50:55.453280,23539
google,https://www.google.com,True,2021-07-06 05:50:55.642978,164578
health,http://localhost:5000/ping,True,2021-07-06 05:55:55.520883,41870
google,https://www.google.com,True,2021-07-06 05:55:55.786891,234156
health,http://localhost:5000/ping,True,2021-07-06 06:00:59.571401,29512
google,https://www.google.com,True,2021-07-06 06:00:59.788399,196617
health,http://localhost:5000/ping,True,2021-07-06 06:05:55.583530,21648
google,https://www.google.com,True,2021-07-06 06:05:55.748989,150718
health,http://localhost:5000/ping,True,2021-07-06 06:10:55.641277,20612
google,https://www.google.com,True,2021-07-06 06:10:55.852028,201259
health,http://localhost:5000/ping,True,2021-07-06 06:15:55.300922,6370
google,https://www.google.com,True,2021-07-06 06:15:55.462917,157150
health,http://localhost:5000/ping,True,2021-07-06 06:20:55.439444,21616
google,https://www.google.com,True,2021-07-06 06:20:55.632292,174830
health,http://localhost:5000/ping,True,2021-07-06 06:25:55.694051,15600
google,https://www.google.com,True,2021-07-06 06:25:55.860055,150209
health,http://localhost:5000/ping,True,2021-07-06 06:30:55.282383,11388
google,https://www.google.com,True,2021-07-06 06:30:55.456380,166004
health,http://localhost:5000/ping,True,2021-07-06 06:35:55.430193,11923
google,https://www.google.com,True,2021-07-06 06:35:55.627504,183577
health,http://localhost:5000/ping,True,2021-07-06 06:40:55.332336,16529
google,https://www.google.com,True,2021-07-06 06:40:55.510477,167974
health,http://localhost:5000/ping,True,2021-07-06 06:45:55.441087,14201
google,https://www.google.com,True,2021-07-06 06:45:55.607734,147920
health,http://localhost:5000/ping,True,2021-07-06 06:50:55.436605,33913
google,https://www.google.com,True,2021-07-06 06:50:55.642922,191777
health,http://localhost:5000/ping,True,2021-07-06 06:55:55.282338,13801
google,https://www.google.com,True,2021-07-06 06:55:55.469349,171073
health,http://localhost:5000/ping,True,2021-07-06 07:00:55.428006,29471
google,https://www.google.com,True,2021-07-06 07:00:55.665009,214566
health,http://localhost:5000/ping,True,2021-07-06 07:05:55.345493,14220
google,https://www.google.com,True,2021-07-06 07:05:55.502370,150301
health,http://localhost:5000/ping,True,2021-07-06 07:10:55.363590,36134
google,https://www.google.com,True,2021-07-06 07:10:55.533078,152814
health,http://localhost:5000/ping,True,2021-07-06 07:15:55.389097,36373
google,https://www.google.com,True,2021-07-06 07:15:55.578808,166594
health,http://localhost:5000/ping,True,2021-07-06 07:20:55.388526,25295
google,https://www.google.com,True,2021-07-06 07:20:55.587526,194454
health,http://localhost:5000/ping,True,2021-07-06 07:25:55.259769,7891
google,https://www.google.com,True,2021-07-06 07:25:55.483939,206766
health,http://localhost:5000/ping,True,2021-07-06 07:30:55.414609,24241
google,https://www.google.com,True,2021-07-06 07:30:55.649405,221154
health,http://localhost:5000/ping,True,2021-07-06 07:35:55.303676,35034
google,https://www.google.com,True,2021-07-06 07:35:55.520005,208674
health,http://localhost:5000/ping,True,2021-07-06 07:40:55.390492,25815
google,https://www.google.com,True,2021-07-06 07:40:55.614468,212587
health,http://localhost:5000/ping,True,2021-07-06 07:45:55.324833,14472
google,https://www.google.com,True,2021-07-06 07:45:55.510829,174597
health,http://localhost:5000/ping,True,2021-07-06 07:50:55.433062,25988
google,https://www.google.com,True,2021-07-06 07:50:55.652987,200834
health,http://localhost:5000/ping,True,2021-07-06 07:55:55.509917,29923
google,https://www.google.com,True,2021-07-06 07:55:55.998819,460229
health,http://localhost:5000/ping,True,2021-07-06 08:00:55.447115,27446
google,https://www.google.com,True,2021-07-06 08:00:55.888524,422354
health,http://localhost:5000/ping,True,2021-07-06 08:05:55.501455,26879
google,https://www.google.com,True,2021-07-06 08:05:55.750454,229274
health,http://localhost:5000/ping,True,2021-07-06 08:10:55.431569,24714
google,https://www.google.com,True,2021-07-06 08:10:55.706910,242989
health,http://localhost:5000/ping,True,2021-07-06 08:15:55.488653,30762
google,https://www.google.com,True,2021-07-06 08:15:55.712572,199211
health,http://localhost:5000/ping,True,2021-07-06 08:20:55.262881,14682
google,https://www.google.com,True,2021-07-06 08:20:55.474081,204229
health,http://localhost:5000/ping,True,2021-07-06 08:25:55.267867,23277
google,https://www.google.com,True,2021-07-06 08:25:55.718601,429227
health,http://localhost:5000/ping,True,2021-07-06 08:30:55.446452,48456
google,https://www.google.com,True,2021-07-06 08:30:55.684708,222834
health,http://localhost:5000/ping,True,2021-07-06 08:35:55.319858,32781
google,https://www.google.com,True,2021-07-06 08:35:55.590640,249903
health,http://localhost:5000/ping,True,2021-07-06 08:40:55.393516,17919
google,https://www.google.com,True,2021-07-06 08:40:55.629090,222038
health,http://localhost:5000/ping,True,2021-07-06 08:45:55.480604,10725
google,https://www.google.com,True,2021-07-06 08:45:55.743343,225034
health,http://localhost:5000/ping,True,2021-07-06 08:50:55.519070,16965
google,https://www.google.com,True,2021-07-06 08:50:55.767940,230871
health,http://localhost:5000/ping,True,2021-07-06 08:55:55.348681,24098
google,https://www.google.com,True,2021-07-06 08:55:55.647672,256627
health,http://localhost:5000/ping,True,2021-07-06 09:00:55.499389,37644
google,https://www.google.com,True,2021-07-06 09:00:55.762405,233392
health,http://localhost:5000/ping,True,2021-07-06 09:05:55.523633,11220
google,https://www.google.com,True,2021-07-06 09:05:55.795637,249829
health,http://localhost:5000/ping,True,2021-07-06 09:10:55.514586,26441
google,https://www.google.com,True,2021-07-06 09:10:55.807485,259645
health,http://localhost:5000/ping,True,2021-07-06 09:15:55.326874,27378
google,https://www.google.com,True,2021-07-06 09:15:55.583942,226962
health,http://localhost:5000/ping,True,2021-07-06 09:20:55.543684,18248
google,https://www.google.com,True,2021-07-06 09:20:55.787058,224496
health,http://localhost:5000/ping,True,2021-07-06 09:25:55.618262,9357
google,https://www.google.com,True,2021-07-06 09:25:55.932483,286191
health,http://localhost:5000/ping,True,2021-07-06 09:30:55.414474,17050
google,https://www.google.com,True,2021-07-06 09:30:55.655468,226892
health,http://localhost:5000/ping,True,2021-07-06 09:35:55.448699,21558
google,https://www.google.com,True,2021-07-06 09:35:55.730618,262193
health,http://localhost:5000/ping,True,2021-07-06 09:40:55.348424,39353
google,https://www.google.com,True,2021-07-06 09:40:55.589633,224276
health,http://localhost:5000/ping,True,2021-07-06 09:45:55.420075,18520
google,https://www.google.com,True,2021-07-06 09:45:55.686077,239930
health,http://localhost:5000/ping,True,2021-07-06 09:50:55.384867,16087
google,https://www.google.com,True,2021-07-06 09:50:55.625653,209470
health,http://localhost:5000/ping,True,2021-07-06 09:55:55.332793,30505
google,https://www.google.com,True,2021-07-06 09:55:55.600864,250909
health,http://localhost:5000/ping,True,2021-07-06 10:00:55.392567,15336
google,https://www.google.com,True,2021-07-06 10:00:55.659458,259553
health,http://localhost:5000/ping,True,2021-07-06 10:05:56.468704,54706
google,https://www.google.com,True,2021-07-06 10:05:56.777882,294741
health,http://localhost:5000/ping,True,2021-07-06 10:10:55.442561,35217
google,https://www.google.com,True,2021-07-06 10:10:55.642574,171304
health,http://localhost:5000/ping,True,2021-07-06 10:15:55.251589,19267
google,https://www.google.com,True,2021-07-06 10:15:55.487518,221867
health,http://localhost:5000/ping,True,2021-07-06 10:20:55.310154,32359
google,https://www.google.com,True,2021-07-06 10:20:55.584797,256074
health,http://localhost:5000/ping,True,2021-07-06 10:25:55.620161,22933
google,https://www.google.com,True,2021-07-06 10:25:55.857248,214643
health,http://localhost:5000/ping,True,2021-07-06 10:30:55.483846,12527
google,https://www.google.com,True,2021-07-06 10:30:55.674817,173841
health,http://localhost:5000/ping,True,2021-07-06 10:35:55.543889,24312
google,https://www.google.com,True,2021-07-06 10:35:55.781002,225289
health,http://localhost:5000/ping,True,2021-07-06 10:40:55.313867,15834
google,https://www.google.com,True,2021-07-06 10:40:55.755134,413933
health,http://localhost:5000/ping,True,2021-07-06 10:45:55.774544,36051
google,https://www.google.com,True,2021-07-06 10:45:56.066546,264438
health,http://localhost:5000/ping,True,2021-07-06 10:50:55.425754,8602
google,https://www.google.com,True,2021-07-06 10:50:55.599760,166236
health,http://localhost:5000/ping,True,2021-07-06 10:55:55.459157,20410
google,https://www.google.com,True,2021-07-06 10:55:55.669141,176644
health,http://localhost:5000/ping,True,2021-07-06 11:00:55.364714,7205
google,https://www.google.com,True,2021-07-06 11:00:55.556688,164818
health,http://localhost:5000/ping,True,2021-07-06 11:05:55.383721,23561
google,https://www.google.com,True,2021-07-06 11:05:55.584726,172892
health,http://localhost:5000/ping,True,2021-07-06 11:10:55.538135,31726
google,https://www.google.com,True,2021-07-06 11:10:55.755318,194106
health,http://localhost:5000/ping,True,2021-07-06 11:15:55.395347,23531
google,https://www.google.com,True,2021-07-06 11:15:55.604738,190755
health,http://localhost:5000/ping,True,2021-07-06 11:20:55.545690,21596
google,https://www.google.com,True,2021-07-06 11:20:56.028874,459525
health,http://localhost:5000/ping,True,2021-07-06 11:25:55.461035,12838
google,https://www.google.com,True,2021-07-06 11:25:55.640021,169582
health,http://localhost:5000/ping,True,2021-07-06 11:30:55.501486,7609
google,https://www.google.com,True,2021-07-06 11:30:55.671419,163555
health,http://localhost:5000/ping,True,2021-07-06 11:35:55.484294,17076
google,https://www.google.com,True,2021-07-06 11:35:55.691257,187205
health,http://localhost:5000/ping,True,2021-07-06 11:40:55.313832,16794
google,https://www.google.com,True,2021-07-06 11:40:55.519186,187307
health,http://localhost:5000/ping,True,2021-07-06 11:45:55.358253,18838
google,https://www.google.com,True,2021-07-06 11:45:55.544247,162718
health,http://localhost:5000/ping,True,2021-07-06 11:50:55.436158,27071
google,https://www.google.com,True,2021-07-06 11:50:55.621150,157086
health,http://localhost:5000/ping,True,2021-07-06 11:55:55.654632,24879
google,https://www.google.com,True,2021-07-06 11:55:55.861278,191774
health,http://localhost:5000/ping,True,2021-07-06 12:00:55.567145,35381
google,https://www.google.com,True,2021-07-06 12:00:55.750177,168016
health,http://localhost:5000/ping,True,2021-07-06 12:05:55.491121,19253
google,https://www.google.com,True,2021-07-06 12:05:55.703106,200519
health,http://localhost:5000/ping,True,2021-07-06 12:10:55.490759,14659
google,https://www.google.com,True,2021-07-06 12:10:55.703301,182177
health,http://localhost:5000/ping,True,2021-07-06 12:15:55.430459,22813
google,https://www.google.com,True,2021-07-06 12:15:55.877427,432512
health,http://localhost:5000/ping,True,2021-07-06 12:20:55.542738,15501
google,https://www.google.com,True,2021-07-06 12:20:55.730734,151467
health,http://localhost:5000/ping,True,2021-07-06 12:25:55.460022,17494
google,https://www.google.com,True,2021-07-06 12:25:55.655815,180487
health,http://localhost:5000/ping,True,2021-07-06 12:30:55.572832,20086
google,https://www.google.com,True,2021-07-06 12:30:55.792897,205095
health,http://localhost:5000/ping,True,2021-07-06 12:35:55.558620,32647
google,https://www.google.com,True,2021-07-06 12:35:55.815398,228983
health,http://localhost:5000/ping,True,2021-07-06 12:40:55.450901,19761
google,https://www.google.com,True,2021-07-06 12:40:55.723080,248734
health,http://localhost:5000/ping,True,2021-07-06 12:45:55.562751,11889
google,https://www.google.com,True,2021-07-06 12:45:55.911761,324317
health,http://localhost:5000/ping,True,2021-07-06 12:50:55.529864,22574
google,https://www.google.com,True,2021-07-06 12:50:55.739869,198511
health,http://localhost:5000/ping,True,2021-07-06 12:55:55.616742,28477
google,https://www.google.com,True,2021-07-06 12:55:55.842744,199151
health,http://localhost:5000/ping,True,2021-07-06 13:00:55.578176,21546
google,https://www.google.com,True,2021-07-06 13:00:55.799108,213670
health,http://localhost:5000/ping,True,2021-07-06 13:05:55.371520,20076
google,https://www.google.com,True,2021-07-06 13:05:55.533739,156137
health,http://localhost:5000/ping,True,2021-07-06 13:10:55.510958,25668
google,https://www.google.com,True,2021-07-06 13:10:55.695956,184789
health,http://localhost:5000/ping,True,2021-07-06 13:15:55.531736,12050
google,https://www.google.com,True,2021-07-06 13:15:55.722897,174729
health,http://localhost:5000/ping,True,2021-07-06 13:20:55.483532,22774
google,https://www.google.com,True,2021-07-06 13:20:55.680983,184652
health,http://localhost:5000/ping,True,2021-07-06 13:25:55.317181,13502
google,https://www.google.com,True,2021-07-06 13:25:55.629174,285153
health,http://localhost:5000/ping,True,2021-07-06 13:30:55.589716,13290
google,https://www.google.com,True,2021-07-06 13:30:55.804313,191343
health,http://localhost:5000/ping,True,2021-07-06 13:35:55.575426,33921
google,https://www.google.com,True,2021-07-06 13:35:55.765423,171666
health,http://localhost:5000/ping,True,2021-07-06 13:40:55.277552,12269
google,https://www.google.com,True,2021-07-06 13:40:55.448214,166204
health,http://localhost:5000/ping,True,2021-07-06 13:45:55.373065,7216
google,https://www.google.com,True,2021-07-06 13:45:55.555894,161498
health,http://localhost:5000/ping,True,2021-07-06 13:50:55.459228,27404
google,https://www.google.com,True,2021-07-06 13:50:55.655222,182754
health,http://localhost:5000/ping,True,2021-07-06 13:55:55.801923,24317
google,https://www.google.com,True,2021-07-06 13:55:56.012914,186285
health,http://localhost:5000/ping,True,2021-07-06 14:00:55.592582,25782
google,https://www.google.com,True,2021-07-06 14:00:55.767062,165277
health,http://localhost:5000/ping,True,2021-07-06 14:05:55.700975,21007
google,https://www.google.com,True,2021-07-06 14:05:55.890757,177644
health,http://localhost:5000/ping,True,2021-07-06 14:10:55.545393,13316
google,https://www.google.com,True,2021-07-06 14:10:55.752384,198774
health,http://localhost:5000/ping,True,2021-07-06 14:15:55.428105,5171
google,https://www.google.com,True,2021-07-06 14:15:55.622825,175950
health,http://localhost:5000/ping,True,2021-07-06 14:20:55.470997,16693
google,https://www.google.com,True,2021-07-06 14:20:55.647811,153502
health,http://localhost:5000/ping,True,2021-07-06 14:25:55.461784,38381
google,https://www.google.com,True,2021-07-06 14:25:55.715315,244198
health,http://localhost:5000/ping,True,2021-07-06 14:30:55.583547,25721
google,https://www.google.com,True,2021-07-06 14:30:55.745925,157390
health,http://localhost:5000/ping,True,2021-07-06 14:35:55.505459,33183
google,https://www.google.com,True,2021-07-06 14:35:55.678801,158750
health,http://localhost:5000/ping,True,2021-07-06 14:40:55.348947,17360
google,https://www.google.com,True,2021-07-06 14:40:55.537645,168100
health,http://localhost:5000/ping,True,2021-07-06 14:45:55.436930,25236
google,https://www.google.com,True,2021-07-06 14:45:55.667494,219064
health,http://localhost:5000/ping,True,2021-07-06 14:50:55.563617,32918
google,https://www.google.com,True,2021-07-06 14:50:55.737584,165439
health,http://localhost:5000/ping,True,2021-07-06 14:55:56.378724,22556
google,https://www.google.com,True,2021-07-06 14:55:56.787176,388611
health,http://localhost:5000/ping,True,2021-07-06 15:00:55.482663,17603
google,https://www.google.com,True,2021-07-06 15:00:55.674646,161521
health,http://localhost:5000/ping,True,2021-07-06 15:05:55.620612,18292
google,https://www.google.com,True,2021-07-06 15:05:55.836607,187010
health,http://localhost:5000/ping,True,2021-07-06 15:10:55.427184,14095
google,https://www.google.com,True,2021-07-06 15:10:55.631501,192895
health,http://localhost:5000/ping,True,2021-07-06 15:15:55.548362,32971
google,https://www.google.com,True,2021-07-06 15:15:55.721356,162738
health,http://localhost:5000/ping,True,2021-07-06 15:20:55.902533,33096
google,https://www.google.com,True,2021-07-06 15:20:56.139528,216964
health,http://localhost:5000/ping,True,2021-07-06 15:25:55.711828,20893
google,https://www.google.com,True,2021-07-06 15:25:55.950094,219870
health,http://localhost:5000/ping,True,2021-07-06 15:30:55.476870,15748
google,https://www.google.com,True,2021-07-06 15:30:55.673948,176600
health,http://localhost:5000/ping,True,2021-07-06 15:35:55.402789,20089
google,https://www.google.com,True,2021-07-06 15:35:55.590771,179272
health,http://localhost:5000/ping,True,2021-07-06 15:40:55.575395,19559
google,https://www.google.com,True,2021-07-06 15:40:55.769210,165568
health,http://localhost:5000/ping,True,2021-07-06 15:45:55.340099,26529
google,https://www.google.com,True,2021-07-06 15:45:55.561095,201385
health,http://localhost:5000/ping,True,2021-07-06 15:50:55.487732,22263
google,https://www.google.com,True,2021-07-06 15:50:55.658727,146704
health,http://localhost:5000/ping,True,2021-07-06 15:55:55.317513,13773
google,https://www.google.com,True,2021-07-06 15:55:55.472509,150818
health,http://localhost:5000/ping,True,2021-07-06 16:00:56.327655,20193
google,https://www.google.com,True,2021-07-06 16:00:56.534650,180703
health,http://localhost:5000/ping,True,2021-07-06 16:05:55.455824,20903
google,https://www.google.com,True,2021-07-06 16:05:55.658687,189588
health,http://localhost:5000/ping,True,2021-07-06 16:10:55.311469,26044
google,https://www.google.com,True,2021-07-06 16:10:55.511821,194851
health,http://localhost:5000/ping,True,2021-07-06 16:15:55.361143,16307
google,https://www.google.com,True,2021-07-06 16:15:55.518870,142982
health,http://localhost:5000/ping,True,2021-07-06 16:20:55.323004,17267
google,https://www.google.com,True,2021-07-06 16:20:55.515999,169407
health,http://localhost:5000/ping,True,2021-07-06 16:25:55.364427,12441
google,https://www.google.com,True,2021-07-06 16:25:55.558432,185147
health,http://localhost:5000/ping,True,2021-07-06 16:30:55.421020,11527
google,https://www.google.com,True,2021-07-06 16:30:55.606029,167656
health,http://localhost:5000/ping,True,2021-07-06 16:35:55.491582,23472
google,https://www.google.com,True,2021-07-06 16:35:55.728960,217362
health,http://localhost:5000/ping,True,2021-07-06 16:40:55.307586,14173
google,https://www.google.com,True,2021-07-06 16:40:55.507569,178844
health,http://localhost:5000/ping,True,2021-07-06 16:45:55.516473,25756
google,https://www.google.com,True,2021-07-06 16:45:55.716829,175425
health,http://localhost:5000/ping,True,2021-07-06 16:50:55.328485,9779
google,https://www.google.com,True,2021-07-06 16:50:55.517027,174729
health,http://localhost:5000/ping,True,2021-07-06 16:55:55.379861,22560
google,https://www.google.com,True,2021-07-06 16:55:55.578162,169142
health,http://localhost:5000/ping,True,2021-07-06 17:00:55.485653,11311
google,https://www.google.com,True,2021-07-06 17:00:55.660901,160248
health,http://localhost:5000/ping,True,2021-07-06 17:05:55.325104,17838
google,https://www.google.com,True,2021-07-06 17:05:55.526098,183254
health,http://localhost:5000/ping,True,2021-07-06 17:10:55.385386,22771
google,https://www.google.com,True,2021-07-06 17:10:55.541386,145465
health,http://localhost:5000/ping,True,2021-07-06 17:15:55.209154,21668
google,https://www.google.com,True,2021-07-06 17:15:55.399491,173292
health,http://localhost:5000/ping,True,2021-07-06 17:20:55.481148,17261
google,https://www.google.com,True,2021-07-06 17:20:55.651142,154244
health,http://localhost:5000/ping,True,2021-07-06 17:25:55.353671,24563
google,https://www.google.com,True,2021-07-06 17:25:55.537497,166306
health,http://localhost:5000/ping,True,2021-07-06 17:30:55.443283,25479
google,https://www.google.com,True,2021-07-06 17:30:55.627288,165585
health,http://localhost:5000/ping,True,2021-07-06 17:35:55.491187,44862
google,https://www.google.com,True,2021-07-06 17:35:55.695250,191729
health,http://localhost:5000/ping,True,2021-07-06 17:40:55.363109,22152
google,https://www.google.com,True,2021-07-06 17:40:55.571289,193364
health,http://localhost:5000/ping,True,2021-07-06 17:45:55.396560,29608
google,https://www.google.com,True,2021-07-06 17:45:55.619561,201515
health,http://localhost:5000/ping,True,2021-07-06 17:50:55.470607,19474
google,https://www.google.com,True,2021-07-06 17:50:55.656903,169287
health,http://localhost:5000/ping,True,2021-07-06 17:55:55.355718,20704
google,https://www.google.com,True,2021-07-06 17:55:55.563166,192355
health,http://localhost:5000/ping,True,2021-07-06 18:00:55.376474,38365
google,https://www.google.com,True,2021-07-06 18:00:55.552462,167439
health,http://localhost:5000/ping,True,2021-07-06 18:05:57.253181,17958
google,https://www.google.com,True,2021-07-06 18:05:57.428090,157625
health,http://localhost:5000/ping,True,2021-07-06 18:10:56.298733,23957
google,https://www.google.com,True,2021-07-06 18:10:56.521270,200582
health,http://localhost:5000/ping,True,2021-07-06 18:15:55.745518,12547
google,https://www.google.com,True,2021-07-06 18:15:55.928471,164604
health,http://localhost:5000/ping,True,2021-07-06 18:20:55.784109,18540
google,https://www.google.com,True,2021-07-06 18:20:56.003386,193917
health,http://localhost:5000/ping,True,2021-07-06 18:25:55.771479,21966
google,https://www.google.com,True,2021-07-06 18:25:56.007468,207615
health,http://localhost:5000/ping,True,2021-07-06 18:30:56.129846,16312
google,https://www.google.com,True,2021-07-06 18:30:56.348323,201273
health,http://localhost:5000/ping,True,2021-07-06 18:35:55.767590,22406
google,https://www.google.com,True,2021-07-06 18:35:55.959058,180904
health,http://localhost:5000/ping,True,2021-07-06 18:41:15.230942,35926
google,https://www.google.com,True,2021-07-06 18:41:15.556924,297136
health,http://localhost:5000/ping,True,2021-07-06 18:50:59.014233,67768
google,https://www.google.com,True,2021-07-06 18:50:59.320222,280791
